,sentence,true,pred_cnn,pred_rnn
0,wow  loved this place ,1,1.0,0.9999877
1,crust is not good ,0,5.686344e-23,0.0019893348
2,not tasty and the texture was just nasty ,0,1.5865733e-19,0.010832489
3,stopped by during the late may bank holiday off rick steve recommendation and loved it ,1,1.0,0.99999154
4,the selection on the menu was great and so were the prices ,1,1.0,0.99999666
5,now i am getting angry and i want my damn pho ,0,9.275848e-21,1.2428636e-05
6,honeslty it didn't taste that fresh ,0,2.0491623e-21,0.0006106198
7,the potatoes were like rubber and you could tell they had been made up ahead of time being kept under a warmer ,0,0.0,8.567907e-06
8,the fries were great too ,1,1.0,0.9988198
9,a great touch ,1,1.0,0.9999738
10,service was very prompt ,1,1.0,0.99932706
11,would not go back ,0,1.03671244e-19,0.00011492938
12,the cashier had no care what so ever on what i had to say it still ended up being wayyy overpriced ,0,4.7054253e-33,0.00012892485
13,i tried the cape cod ravoli chicken with cranberry  mmmm!,1,1.0,0.99998796
14,i was disgusted because i was pretty sure that was human hair ,0,1.3046797e-29,1.2315279e-06
15,i was shocked because no signs indicate cash only ,0,3.9893965e-31,2.49182e-06
16,highly recommended ,1,1.0,0.99984276
17,waitress was a little slow in service ,0,6.9251625e-23,0.0048283935
18,this place is not worth your time let alone vegas ,0,4.5064243e-24,0.0008327663
19,did not like at all ,0,2.2057595e-17,0.001507163
20,the burrittos blah!,0,1.0964977e-15,0.0007234514
21,the food amazing ,1,1.0,0.99959016
22,service is also cute ,1,1.0,0.99993324
23,i could care less  the interior is just beautiful ,1,1.0,0.9999908
24,so they performed ,1,1.0,0.9998641
25,that's right  the red velvet cake   ohhh this stuff is so good ,1,1.0,0.99999493
26, they never brought a salad we asked for ,0,6.794797e-22,1.2009781e-05
27,this hole in the wall has great mexican street tacos and friendly staff ,1,1.0,0.9999987
28,took an hour to get our food only 4 tables in restaurant my food was luke warm our sever was running around like he was totally overwhelmed ,0,5.630803e-31,5.207687e-06
29,the worst was the salmon sashimi ,0,4.597701e-27,3.810365e-05
30,also there are combos like a burger fries and beer for 23 which is a decent deal ,1,4.351394e-17,0.0057468414
31,this was like the final blow!,0,0.011810631,0.96748906
32,i found this place by accident and i could not be happier ,1,1.0,0.99989176
33,seems like a good quick place to grab a bite of some familiar pub food but do yourself a favor and look elsewhere ,0,1.0117429e-35,8.502658e-06
34,overall i like this place a lot ,1,1.0,0.9997597
35,the only redeeming quality of the restaurant was that it was very inexpensive ,1,1.0,0.9999135
36,ample portions and good prices ,1,1.0,0.99999124
37,poor service the waiter made me feel like i was stupid every time he came to the table ,0,8.618749e-27,1.4624066e-05
38,my first visit to hiro was a delight!,1,1.0,0.99998033
39,service sucks ,0,6.5298158e-12,0.021015495
40,the shrimp tender and moist ,1,1.0,0.99996257
41,there is not a deal good enough that would drag me into that establishment again ,0,8.724286e-31,5.652837e-06
42,hard to judge whether these sides were good because we were grossed out by the melted styrofoam and didn't want to eat it for fear of getting sick ,0,0.0,6.98456e-07
43,on a positive note our server was very attentive and provided great service ,1,1.0,0.9999917
44,frozen pucks of disgust with some of the worst people behind the register ,0,0.0,1.6466091e-06
45,the only thing i did like was the prime rib and dessert section ,1,1.0,0.9999813
46,it's too bad the food is so damn generic ,0,7.6287213e-25,1.9453444e-05
47,the burger is good beef cooked just right ,1,1.0,0.99995875
48,if you want a sandwich just go to any firehouse!!!!!,1,1.0,0.9999699
49,my side greek salad with the greek dressing was so tasty and the pita and hummus was very refreshing ,1,1.0,0.99998224
50,we ordered the duck rare and it was pink and tender on the inside with a nice char on the outside ,1,1.0,0.9998747
51,he came running after us when he realized my husband had left his sunglasses on the table ,1,1.2523343e-24,9.6782405e-06
52,their chow mein is so good!,1,1.0,0.9999931
53,they have horrible attitudes towards customers and talk down to each one when customers don't enjoy their food ,0,3.0959865e-33,2.9326742e-05
54,the portion was huge!,1,1.0,0.9999467
55,loved it  friendly servers great food wonderful and imaginative menu ,1,1.0,0.9999958
56,the heart attack grill in downtown vegas is an absolutely flat lined excuse for a restaurant ,0,7.5925165e-33,0.00039100647
57,not much seafood and like 5 strings of pasta at the bottom ,0,1.16044e-24,7.700483e-05
58,the salad had just the right amount of sauce to not over power the scallop which was perfectly cooked ,1,1.0,0.9999789
59,the ripped banana was not only ripped but petrified and tasteless ,0,2.2913577e-36,9.75499e-07
60,at least think to refill my water before i struggle to wave you over for 10 minutes ,0,4.2026036e-36,7.288466e-07
61,this place receives stars for their appetizers!!!,1,1.0,0.99780405
62,the cocktails are all handmade and delicious ,1,1.0,0.99999285
63,we'd definitely go back here again ,1,1.0,0.9999286
64,we are so glad we found this place ,1,1.0,0.9999299
65,great food and service huge portions and they give a military discount ,1,1.0,0.9999812
66,always a great time at dos gringos!,1,1.0,0.99995697
67,update   went back for a second time and it was still just as amazing,1,1.0,0.99999315
68,we got the food and apparently they have never heard of salt and the batter on the fish was chewy ,0,1.2503289e-25,1.0516016e-05
69,a great way to finish a great ,1,1.0,0.9999957
70,the deal included 5 tastings and 2 drinks and jeff went above and beyond what we expected ,1,1.0,0.99993074
71, really really good rice all the time ,1,1.0,0.9998436
72,the service was meh ,0,1.330499e-13,0.013616025
73,it took over 30 min to get their milkshake which was nothing more than chocolate milk ,0,0.0,1.6662588e-06
74,i guess i should have known that this place would suck because it is inside of the excalibur but i didn't use my common sense ,0,2.0571972e-37,3.947547e-06
75,the scallop dish is quite appalling for value as well ,0,6.1175684e-23,0.0066841245
76,2 times  very bad customer service !,0,1.4434309e-24,0.00024226308
77,the sweet potato fries were very good and seasoned well ,1,1.0,0.99998534
78,today is the second time i've been to their lunch buffet and it was pretty good ,1,1.0,0.9999684
79,there is so much good food in vegas that i feel cheated for wasting an eating opportunity by going to rice and company ,0,2.5211896e-33,4.8327143e-05
80,coming here is like experiencing an underwhelming relationship where both parties can't wait for the other person to ask to break up ,0,5.4068037e-27,3.4731095e-06
81,walked in and the place smelled like an old grease trap and only 2 others there eating ,0,2.8407567e-09,0.9390241
82,the turkey and roast beef were bland ,0,3.6042558e-24,1.4552056e-05
83,this place has it!,1,0.9999998,0.9974065
84,the pan cakes everyone are raving about taste like a sugary disaster tailored to the palate of a six year old ,0,6.707057e-30,2.152489e-05
85,i love the pho and the spring rolls oh so yummy you have to try ,1,1.0,0.9999931
86,the poor batter to meat ratio made the chicken tenders very unsatisfying ,0,7.8037373e-32,1.8872778e-06
87,all i have to say is the food was amazing!!!,1,1.0,0.9999801
88,omelets are to die for!,1,1.0,0.99984264
89,everything was fresh and delicious!,1,1.0,0.9999807
90,in summary this was a largely disappointing dining experience ,0,3.950968e-34,4.4195698e-05
91,it's like a really sexy party in your mouth where you're outrageously flirting with the hottest person at the party ,1,0.92399704,0.99031687
92,never been to hard rock casino before will never ever step forward in it again!,0,6.521021e-37,8.442864e-06
93,best breakfast buffet!!!,1,1.0,0.9999287
94,say bye bye to your tip lady!,0,2.791048e-22,1.606268e-05
95,we'll never go again ,0,5.4639105e-25,7.1680486e-05
96,will be back again!,1,0.9999996,0.99419624
97,food arrived quickly!,1,2.9297234e-10,0.43502873
98,it was not good ,0,7.762978e-15,0.11444414
99,on the up side their cafe serves really good food ,1,1.0,0.99986756
100,our server was fantastic and when he found out the wife loves roasted garlic and bone marrow he added extra to our meal and another marrow to go!,1,1.0,0.999985
101,the only good thing was our waiter he was very helpful and kept the bloddy mary's coming ,1,1.542194e-35,2.6858363e-06
102,best buffet in town for the price you cannot beat it ,1,1.0,0.9999771
103,i loved their mussels cooked in this wine reduction the duck was tender and their potato dishes were delicious ,1,1.0,0.9999988
104,this is one of the better buffets that i have been to ,1,1.0,0.9998196
105,so we went to tigerlilly and had a fantastic afternoon!,1,1.0,0.99999344
106,the food was delicious our bartender was attentive and personable and we got a great deal!,1,1.0,0.9999895
107,the ambience is wonderful and there is music playing ,1,1.0,0.9999864
108,will go back next trip out ,1,1.0,0.9996308
109,sooooo good!!,1,1.0,0.9999173
110,real sushi lovers let's be honest  yama is not that good ,0,1.5924241e-27,0.00021827221
111,at least 40min passed in between us ordering and the food arriving and it wasn't that busy ,0,1.0397405e-30,1.4496518e-06
112,this is a really fantastic thai restaurant which is definitely worth a visit ,1,1.0,0.9999981
113,nice spicy and tender ,1,1.0,0.9999866
114,good prices ,1,1.0,0.9999227
115,check it out ,1,1.0,0.9999254
116,it was pretty gross!,0,1.3000394e-14,0.011583656
117,i've had better atmosphere ,0,3.4170025e-15,0.0044910014
118,kind of hard to mess up a steak but they did ,0,1.6936072e-20,3.673462e-05
119,although i very much liked the look and sound of this place the actual experience was a bit disappointing ,0,1.5884612e-36,8.374026e-07
120,i just don't know how this place managed to served the blandest food i have ever eaten when they are preparing indian cuisine ,0,1.6979815e-26,2.0542218e-06
121,worst service to boot but that is the least of their worries ,0,7.483096e-21,7.842957e-06
122,service was fine and the waitress was friendly ,1,1.0,0.9999887
123,the guys all had steaks and our steak loving son who has had steak at the best and worst places said it was the best steak he's ever eaten ,1,1.0,0.9999566
124,we thought you'd have to venture further away to get good sushi but this place really hit the spot that night ,1,1.0,0.9999862
125,host staff were for lack of a better word bitches!,0,8.172942e-25,2.2636828e-05
126,bland  not a liking this place for a number of reasons and i don't want to waste time on bad reviewing  i'll leave it at that  ,0,0.0,9.984666e-07
127,phenomenal food service and ambiance ,1,1.0,0.9999573
128,i wouldn't return ,0,2.4068569e-17,0.00023019314
129,definitely worth venturing off the strip for the pork belly will return next time i'm in vegas ,1,1.0,0.99994564
130,this place is way too overpriced for mediocre food ,0,0.0,2.5725742e-06
131,penne vodka excellent!,1,1.0,0.999984
132,they have a good selection of food including a massive meatloaf sandwich a crispy chicken wrap a delish tuna melt and some tasty burgers ,1,1.0,0.99998033
133,the management is rude ,0,7.838658e-21,0.00011136119
134,delicious nyc bagels good selections of cream cheese real lox with capers even ,1,1.0,0.9999842
135,great subway in fact it's so good when you come here every other subway will not meet your expectations ,1,1.0,0.99995756
136,i had a seriously solid breakfast here ,1,1.0,0.9999253
137,this is one of the best bars with food in vegas ,1,1.0,0.99998856
138,he was extremely rude and really there are so many other restaurants i would love to dine at during a weekend in vegas ,0,3.836616e-35,0.00016969442
139,my drink was never empty and he made some really great menu suggestions ,1,1.0,0.9999877
140,don't do it!!!!,0,8.783244e-19,0.00015923381
141,the waiter wasn't helpful or friendly and rarely checked on us ,0,1.4465119e-32,6.0859593e-06
142,my husband and i ate lunch here and were very disappointed with the food and service ,0,2.946641e-11,0.00021269917
143,and the red curry had so much bamboo shoots and wasn't very tasty to me ,0,4.331077e-31,0.000113599075
144,nice blanket of moz over top but i feel like this was done to cover up the subpar food ,1,1.0,0.9999659
145,the bathrooms are clean and the place itself is well decorated ,1,1.0,0.9999851
146,the menu is always changing food quality is going down & service is extremely slow ,0,1.1463982e-27,3.6005145e-05
147,the service was a little slow  considering that were served by 3 people servers so the food was coming in a slow pace ,0,0.0,9.386173e-06
148,i give it 2 thumbs down,0,1.7296297e-18,0.0073272586
149,we watched our waiter pay a lot more attention to other tables and ignore us ,0,3.2519617e-34,1.3294066e-06
150,my fianc√© and i came in the middle of the day and we were greeted and seated right away ,1,1.0,0.99993885
151,this is a great restaurant at the mandalay bay ,1,1.0,0.9999652
152,we waited for forty five minutes in vain ,0,1.2322126e-33,3.219087e-06
153,crostini that came with the salad was stale ,0,2.5696873e-20,1.668516e-05
154,some highlights  great quality nigiri here!,1,1.0,0.99996674
155,the staff is friendly and the joint is always clean ,1,1.0,0.9999949
156,this was a different cut than the piece the other day but still wonderful and tender s well as well flavored ,1,1.0,0.9999256
157,i ordered the voodoo pasta and it was the first time i'd had really excellent pasta since going gluten free several years ago ,1,1.0,0.999963
158,this place is good ,1,1.0,0.99959385
159,unfortunately we must have hit the bakery on leftover day because everything we ordered was stale ,0,4.8183442e-29,8.506263e-05
160,i came back today since they relocated and still not impressed ,0,6.945696e-22,0.0002683401
161,i was seated immediately ,1,1.0,0.99986875
162,their menu is diverse and reasonably priced ,1,1.0,0.99998796
163,avoid at all cost!,0,4.3613406e-28,1.1308504e-05
164,restaurant is always full but never a wait ,1,1.0,0.9994656
165,delicious!!,1,1.0,0.9998156
166,this place is hands down one of the best places to eat in the phoenix metro area ,1,1.0,0.99998355
167,so don't go there if you are looking for good food  ,0,3.402554e-21,0.0005250275
168,i've never been treated so bad ,0,6.6864315e-33,2.4944065e-06
169,bacon is hella salty ,1,1.0,0.99997747
170,we also ordered the spinach and avocado salad; the ingredients were sad and the dressing literally had zero taste ,0,4.4432773e-34,3.7427915e-06
171,this really is how vegas fine dining used to be right down to the menus handed to the ladies that have no prices listed ,1,1.0,0.9999417
172,the waitresses are very friendly ,1,1.0,0.9999472
173,lordy the khao soi is a dish that is not to be missed for curry lovers!,1,1.0,0.9999474
174,everything on the menu is terrific and we were also thrilled that they made amazing accommodations for our vegetarian daughter ,1,1.0,0.999982
175,perhaps i caught them on an off night judging by the other reviews but i'm not inspired to go back ,0,2.06263e-34,2.663479e-06
176,the service here leaves a lot to be desired ,0,3.2974096e-17,0.0005528331
177,the atmosphere is modern and hip while maintaining a touch of coziness ,1,1.0,0.99997544
178,not a weekly haunt but definitely a place to come back to every once in a while ,1,1.0,0.99998343
179,we literally sat there for 20 minutes with no one asking to take our order ,0,3.4976742e-30,3.3383244e-06
180,the burger had absolutely no flavor  the meat itself was totally bland the burger was overcooked and there was no charcoal flavor ,0,0.0,9.738379e-07
181,i also decided not to send it back because our waitress looked like she was on the verge of having a heart attack ,0,7.2036415e-30,7.0027186e-06
182,i dressed up to be treated so rudely!,0,2.9475592e-17,0.00014770031
183,it was probably dirt ,0,1.0500008e-21,7.831892e-05
184,love this place hits the spot when i want something healthy but not lacking in quantity or flavor ,1,1.0,0.9997765
185,i ordered the lemon raspberry ice cocktail which was also incredible ,1,1.0,0.9999926
186,the food sucked which we expected but it sucked more than we could have imagined ,0,8.9931614e-23,2.3630728e-05
187,interesting decor ,1,1.0,0.9999346
188,what i really like there is the crepe station ,1,1.0,0.9998756
189,also were served hot bread and butter and home made potato chips with bacon bits on top  very original and very good ,1,1.0,0.99999505
190,you can watch them preparing the delicious food!,1,1.0,0.99999386
191,both of the egg rolls were fantastic ,1,1.0,0.9999757
192,when my order arrived one of the gyros was missing ,0,3.318899e-18,0.00024351478
193,i had a salad with the wings and some ice cream for dessert and left feeling quite satisfied ,1,1.0,0.99999124
194,i'm not really sure how joey's was voted best hot dog in the valley by readers of phoenix magazine ,0,6.167971e-31,4.6838063e-06
195,the best place to go for a tasty bowl of pho!,1,1.0,0.9999383
196,the live music on fridays totally blows ,0,5.387549e-21,2.2827538e-05
197,i've never been more insulted or felt disrespected ,0,0.0,1.2840816e-06
198,very friendly staff ,1,1.0,0.999944
199,it is worth the drive ,1,1.0,0.9989518
200,i had heard good things about this place but it exceeding every hope i could have dreamed of ,1,1.0,0.99997604
201,food was great and so was the serivce!,1,1.0,0.99998224
202,the warm beer didn't help ,0,5.0894906e-16,0.0013169944
203,great brunch spot ,1,1.0,0.9999931
204,service is friendly and inviting ,1,1.0,0.9999743
205,very good lunch spot ,1,1.0,0.99986833
206,i've lived here since 1979 and this was the first and last time i've stepped foot into this place ,0,1.342798e-35,5.7075217e-06
207,the worst experience ever ,0,7.7586957e-20,0.0020091832
208,must have been an off night at this place ,0,2.8020027e-23,0.0048802793
209,the sides are delish  mixed mushrooms yukon gold puree white corn  beateous ,1,1.0,0.9999937
210,if that bug never showed up i would have given a 4 for sure but on the other side of the wall where this bug was climbing was the kitchen ,0,3.063935e-33,1.6964884e-06
211,for about 10 minutes we we're waiting for her salad when we realized that it wasn't coming any time soon ,0,0.0,6.521042e-06
212,my friend loved the salmon tartar ,1,1.0,0.9999808
213,won't go back ,0,3.5908714e-11,0.02356428
214,extremely tasty!,1,1.0,0.999581
215,waitress was good though!,1,1.0,0.9999466
216,soggy and not good ,0,3.478501e-22,0.0020093024
217,the jamaican mojitos are delicious ,1,1.0,0.99999046
218,which are small and not worth the price ,0,1.7844048e-18,0.00020432472
219, the food is rich so order accordingly ,1,1.0,0.9999673
220,the shower area is outside so you can only rinse not take a full shower unless you don't mind being nude for everyone to see!,0,2.7684725e-37,3.769667e-05
221,the service was a bit lacking ,0,1.9674325e-11,0.019493878
222,lobster bisque bussell sprouts risotto filet all needed salt and pepper and of course there is none at the tables ,0,0.0,7.622747e-07
223,hopefully this bodes for them going out of business and someone who can cook can come in ,0,2.2466439e-29,1.7399216e-05
224,it was either too cold not enough flavor or just bad ,0,0.0,1.2222832e-06
225,i loved the bacon wrapped dates ,1,1.0,0.9999933
226,this is an unbelievable bargain!,1,1.0,0.9999602
227,the folks at otto always make us feel so welcome and special ,1,1.0,0.99995685
228,as for the mains  also uninspired ,0,8.332861e-19,0.00030118227
229,this is the place where i first had pho and it was amazing!!,1,1.0,0.99995756
230,this wonderful experience made this place a must stop whenever we are in town again ,1,1.0,0.99999374
231,if the food isn't bad enough for you then enjoy dealing with the world's worst/annoying drunk people ,0,0.0,7.7848284e-07
232,very very fun chef ,1,1.0,0.9999814
233,ordered a double cheeseburger & got a single patty that was falling apart picture uploaded yeah still sucks ,0,8.684626e-19,0.000121498604
234,great place to have a couple drinks and watch any and all sporting events as the walls are covered with tv's ,1,1.0,0.9999902
235,if it were possible to give them zero stars they'd have it ,0,3.9707367e-16,0.0022453666
236,the descriptions said yum yum sauce and another said eel sauce  yet another said spicy mayo  well none of the rolls had sauces on them ,0,1.2617792e-27,9.7573575e-06
237,i'd say that would be the hardest decision  honestly all of m's dishes taste how they are supposed to taste amazing ,1,1.0,0.9999895
238,if she had not rolled the eyes we may have stayed  not sure if we will go back and try it again ,0,1.3412764e-29,1.5124069e-05
239,everyone is very attentive providing excellent customer service ,1,1.0,0.99998665
240,horrible  don't waste your time and money ,0,0.0,8.7412064e-07
241,now this dish was quite flavourful ,1,1.0,0.999908
242,by this time our side of the restaurant was almost empty so there was no excuse ,0,1.5712722e-22,0.0001347065
243,it wasn't busy either also the building was freezing cold ,0,0.0,9.833843e-07
244,like the other reviewer said you couldn't pay me to eat at this place again ,0,6.632508e-23,0.00032436848
245, drinks took close to 30 minutes to come out at one point ,0,2.8018487e-26,6.329869e-06
246,seriously flavorful delights folks ,1,1.0,0.99998283
247,much better than the other ayce sushi place i went to in vegas ,1,1.0,0.99992037
248,the lighting is just dark enough to set the mood ,1,1.0,0.9999838
249,based on the sub par service i received and no effort to show their gratitude for my business i won't be going back ,0,0.0,1.0815938e-06
250,owner's are really great people !,1,1.0,0.99983907
251,there is nothing privileged about working/eating there ,0,9.1016926e-33,1.7943079e-06
252,the greek dressing was very creamy and flavorful ,1,0.00020349026,0.9952767
253,overall i don't think that i would take my parents to this place again because they made most of the similar complaints that i silently felt too ,0,3.2123273e-31,1.5800673e-05
254,now the pizza itself was good the peanut sauce was very tasty ,1,1.0,0.9999277
255,we had 7 at our table and the service was pretty fast ,1,1.0,0.9999261
256,fantastic service here ,1,1.0,0.9999418
257,i as well would've given godfathers zero stars if possible ,0,2.68114e-27,1.6156273e-05
258,they know how to make them here ,1,1.0,0.99912447
259,very tough and very short on flavor!,0,3.465156e-06,0.72462714
260,i hope this place sticks around ,1,1.0,0.99976504
261,i have been in more than a few bars in vegas and do not ever recall being charged for tap water ,0,0.0,4.503728e-06
262,the restaurant atmosphere was exquisite ,1,1.0,0.999931
263,good service very clean and inexpensive to boot!,1,1.0,0.9999424
264,the seafood was fresh and generous in portion ,1,1.0,0.9999941
265,plus it's only 8 bucks ,1,1.0,0.9998543
266,the service was not up to par either ,0,1.1271745e-28,4.3685113e-06
267,thus far have only visited twice and the food was absolutely delicious each time ,1,1.0,0.9999932
268,just as good as when i had it more than a year ago!,1,1.0,0.99987054
269,for a self proclaimed coffee cafe i was wildly disappointed ,0,3.056725e-11,0.0037657022
270,the veggitarian platter is out of this world!,1,1.0,0.99998224
271,you cant go wrong with any of the food here ,1,1.0,0.9998891
272,you can't beat that ,1,1.0,0.9998492
273,stopped by this place while in madison for the ironman very friendly kind staff ,1,1.0,0.9999933
274,the chefs were friendly and did a good job ,1,1.0,0.9999802
275,i've had better not only from dedicated boba tea spots but even from jenni pho ,0,6.1103545e-33,2.2179345e-06
276,i liked the patio and the service was outstanding ,1,1.0,0.99998474
277,the goat taco didn't skimp on the meat and wow what flavor!,1,1.0,0.9998841
278,i think not again,0,2.5871806e-16,0.001060456
279,i had the mac salad and it was pretty bland so i will not be getting that again ,0,3.8911593e-31,2.6206118e-05
280,i went to bachi burger on a friend's recommendation and was not disappointed ,1,1.0,0.9983314
281,service stinks here!,0,7.426612e-15,0.0047110617
282,i waited and waited ,0,5.7133547e-21,8.747177e-05
283,this place is not quality sushi it is not a quality restaurant ,0,3.0259518e-26,0.0003450513
284,i would definitely recommend the wings as well as the pizza ,1,1.0,0.99983174
285,great pizza and salads!,1,1.0,0.9999868
286,things that went wrong  they burned the saganaki ,0,9.754564e-18,0.0011857152
287,we waited an hour for what was a breakfast i could have done 100 times better at home ,0,1.6633214e-29,3.2732464e-06
288,this place is amazing!,1,1.0,0.99986196
289,i hate to disagree with my fellow yelpers but my husband and i were so disappointed with this place ,0,8.223453e-24,2.3774537e-05
290,waited 2 hours & never got either of our pizzas as many other around us who came in later did!,0,8.825665e-34,1.2091169e-05
291,just don't know why they were so slow ,0,6.0360158e-24,0.0004788339
292,the staff is great the food is delish and they have an incredible beer selection ,1,1.0,0.99999595
293,i live in the neighborhood so i am disappointed i won't be back here because it is a convenient location ,0,1.3954153e-28,5.7882535e-06
294,i didn't know pulled pork could be soooo delicious ,1,1.0,0.99999505
295,you get incredibly fresh fish prepared with care ,1,1.0,0.99997914
296,before i go in to why i gave a 1 star rating please know that this was my third time eating at bachi burger before writing a review ,0,0.0,2.1351423e-06
297,i love the fact that everything on their menu is worth it ,1,1.0,0.9999894
298,never again will i be dining at this place!,0,1.0048463e-20,0.00025340915
299,the food was excellent and service was very good ,1,1.0,0.9999805
300,good beer & drink selection and good food selection ,1,1.0,0.99998635
301,please stay away from the shrimp stir fried noodles ,0,6.1622185e-28,1.9793372e-06
302,the potato chip order was sad  i could probably count how many chips were in that box and it was probably around 12 ,0,0.0,6.926057e-07
303,food was really boring ,0,5.374536e-13,0.01952988
304,good service check!,1,1.0,0.99997175
305,this greedy corporation will never see another dime from me!,0,3.2268058e-32,2.6402276e-06
306,will never ever go back ,0,9.536309e-18,0.00021770597
307,as much as i'd like to go back i can't get passed the atrocious service and will never return ,0,8.674914e-29,3.1882291e-06
308,in the summer you can dine in a charming outdoor patio  so very delightful ,1,1.0,0.9999908
309,i did not expect this to be so good!,1,1.0,0.99960595
310,fantastic food!,1,1.0,0.9999014
311,she ordered a toasted english muffin that came out untoasted ,0,4.5490315e-25,1.1817725e-05
312,the food was very good ,1,0.009117931,0.9912001
313,never going back ,0,2.3798847e-19,6.302699e-05
314,great food for the price which is very high quality and house made ,1,1.0,0.99997365
315,the bus boy on the other hand was so rude ,0,7.2569265e-23,7.745184e-06
316,by this point my friends and i had basically figured out this place was a joke and didn't mind making it publicly and loudly known ,0,1.3007158e-34,1.8561764e-06
317,back to good bbq lighter fare reasonable pricing and tell the public they are back to the old ways ,1,1.0,0.99998057
318,and considering the two of us left there very full and happy for about $20 you just can't go wrong ,1,1.0,0.99999034
319,all the bread is made in house!,1,1.0,0.9999505
320,the only downside is the service ,0,2.9754408e-17,0.0030289888
321,also the fries are without a doubt the worst fries i've ever had ,0,0.0,2.231413e-06
322,service was exceptional and food was a good as all the reviews ,1,1.0,0.9998926
323,a couple of months later i returned and had an amazing meal ,1,1.0,0.9999795
324,favorite place in town for shawarrrrrrma!!!!!!,1,1.0,0.99998057
325,the black eyed peas and sweet potatoes  unreal!,1,1.0,0.99998933
326,you won't be disappointed ,1,1.0,0.9936375
327,they could serve it with just the vinaigrette and it may make for a better overall dish but it was still very good ,1,1.0,0.9999808
328,i go to far too many places and i've never seen any restaurant that serves a 1 egg breakfast especially for $4 00 ,0,1.2628975e-25,8.051675e-06
329,when my mom and i got home she immediately got sick and she only had a few bites of salad ,0,5.9026774e-30,5.4774027e-06
330,the servers are not pleasant to deal with and they don't always honor pizza hut coupons ,0,2.5233994e-28,1.9071476e-06
331,both of them were truly unbelievably good and i am so glad we went back ,1,1.0,0.9999658
332,we had fantastic service and were pleased by the atmosphere ,1,1.0,0.99999225
333,everything was gross ,0,2.5007777e-14,0.0073512197
334,i love this place ,1,1.0,0.9998431
335,great service and food ,1,1.0,0.9999713
336,first  the bathrooms at this location were dirty seat covers were not replenished & just plain yucky!!!,0,5.060299e-38,2.2190898e-06
337,the burger  i got the gold standard a $17 burger and was kind of disappointed ,0,4.3381524e-24,4.0672585e-06
338,omg the food was delicioso!,1,1.0,0.99994165
339,there is nothing authentic about this place ,0,1.2115309e-27,5.184296e-05
340,the spaghetti is nothing special whatsoever ,0,3.2114287e-26,3.7467216e-05
341,of all the dishes the salmon was the best but all were great ,1,1.0,0.9999931
342,the vegetables are so fresh and the sauce feels like authentic thai ,1,1.0,0.99996245
343,it's worth driving up from tucson!,1,1.0,0.9999527
344,the selection was probably the worst i've seen in vegas   there was none ,0,0.0,1.4749105e-06
345,pretty good beer selection too ,1,1.0,0.999577
346,this place is like chipotle but better ,1,1.0,0.999238
347,classy/warm atmosphere fun and fresh appetizers succulent steaks baseball steak!!!!!,1,1.0,0.999997
348,5 stars for the brick oven bread app!,1,1.0,0.99999213
349,i have eaten here multiple times and each time the food was delicious ,1,1.0,0.999992
350,we sat another ten minutes and finally gave up and left ,0,4.0431784e-28,3.51151e-06
351,he was terrible!,0,2.0137543e-15,0.015688062
352,everyone is treated equally special ,1,1.0,0.9998356
353,it shouldn't take 30 min for pancakes and eggs ,0,3.2146808e-31,1.940747e-05
354,it was delicious!!!,1,1.0,0.9995043
355,on the good side the staff was genuinely pleasant and enthusiastic  a real treat ,1,1.0,0.99999106
356,sadly gordon ramsey's steak is a place we shall sharply avoid during our next trip to vegas ,0,8.540368e-34,0.00028139353
357,as always the evening was wonderful and the food delicious!,1,1.0,0.9999944
358,best fish i've ever had in my life!,1,1.0,0.99973285
359,the bathroom is just next door and very nice ,1,1.0,0.999943
360,the buffet is small and all the food they offered was bland ,0,8.169031e-21,0.0027991533
361,this is an outstanding little restaurant with some of the best food i have ever tasted ,1,1.0,0.99855244
362,pretty cool i would say ,1,1.0,0.9997655
363,definitely a turn off for me & i doubt i'll be back unless someone else is buying ,0,9.929171e-34,2.2306258e-06
364,server did a great job handling our large rowdy table ,1,1.0,0.9999827
365,i find wasting food to be despicable but this just wasn't food ,0,1.02093985e-26,5.905288e-06
366,my wife had the lobster bisque soup which was lukewarm ,0,8.804947e-27,4.2765428e-06
367,would come back again if i had a sushi craving while in vegas ,1,1.0,0.9999112
368,the staff are great the ambiance is great ,1,1.0,0.99999857
369,he deserves 5 stars ,1,1.0,0.9994601
370,i left with a stomach ache and felt sick the rest of the day ,0,1.0137142e-33,4.206288e-06
371,they dropped more than the ball ,0,2.4862431e-18,0.00038746
372,the dining space is tiny but elegantly decorated and comfortable ,1,1.0,0.99999297
373,they will customize your order any way you'd like my usual is eggplant with green bean stir fry love it!,1,1.7859374e-10,0.85235846
374,and the beans and rice were mediocre at best ,0,3.1214176e-29,0.00038793683
375,best tacos in town by far!!,1,1.0,0.99996585
376,i took back my money and got outta there ,0,0.0,1.1649879e-06
377,in an interesting part of town this place is amazing ,1,1.0,0.99999535
378,rude & inconsiderate management ,0,9.845602e-24,2.1996704e-05
379,the staff are now not as friendly the wait times for being served are horrible no one even says hi for the first 10 minutes ,0,0.0,9.317868e-07
380,i won't be back ,0,2.8760865e-12,0.02745971
381,they have great dinners ,1,1.0,0.99998415
382,the service was outshining & i definitely recommend the halibut ,1,1.0,0.9999784
383,the food was terrible ,0,5.099166e-17,0.005631089
384,will never ever go back and have told many people what had happened ,0,2.4735453e-20,2.1478341e-05
385,i don't recommend unless your car breaks down in front of it and you are starving ,0,3.4562323e-19,0.00014579296
386,i will come back here every time i'm in vegas ,1,1.0,0.9998064
387,this place deserves one star and 90 has to do with the food ,0,2.7507253e-21,9.6476506e-05
388,this is a disgrace ,0,4.46712e-12,0.02852887
389,def coming back to bowl next time,1,1.0896527e-12,0.17170253
390,if you want healthy authentic or ethic food try this place ,1,1.0,0.9999739
391,i will continue to come here on ladies night andddd date night   highly recommend this place to anyone who is in the area ;,1,1.0,0.9999701
392,i have been here several times in the past and the experience has always been great ,1,1.0,0.9999962
393,we walked away stuffed and happy about our first vegas buffet experience ,1,1.0,0.9999969
394,service was excellent and prices are pretty reasonable considering this is vegas and located inside the crystals shopping mall by aria ,1,1.0,0.99999166
395,to summarize  the food was incredible nay transcendant  but nothing brings me joy quite like the memory of the pneumatic condiment dispenser ,1,1.0,0.9999924
396,i'm probably one of the few people to ever go to ians and not like it ,0,7.5746135e-32,5.1256147e-06
397,kids pizza is always a hit too with lots of great side dish options for the kiddos!,1,1.0,0.9999865
398,service is perfect and the family atmosphere is nice to see ,1,1.0,0.9999865
399,cooked to perfection and the service was impeccable ,1,1.0,0.9999814
400,this one is simply a disappointment ,0,9.560895e-18,0.0035258532
401,overall i was very disappointed with the quality of food at bouchon ,0,1.4440396e-20,0.0021576583
402,i don't have to be an accountant to know i'm getting screwed!,0,7.7950924e-21,4.7390153e-05
403,great place to eat reminds me of the little mom and pop shops in the san francisco bay area ,1,1.0,0.99998105
404,today was my first taste of a buldogis gourmet hot dog and i have to tell you it was more than i ever thought possible ,1,1.0,0.99991834
405,left very frustrated ,0,2.829715e-16,0.00042924285
406,i'll definitely be in soon again ,1,1.0,0.9999856
407,food was really good and i got full petty fast ,1,1.0,0.999993
408,service was fantastic ,1,1.0,0.9995408
409,total waste of time ,0,6.0251342e-24,3.104169e-05
410,i don't know what kind it is but they have the best iced tea ,1,1.0,0.999962
411,come hungry leave happy and stuffed!,1,1.0,0.99997
412,for service i give them no stars ,0,4.8493953e-22,6.862432e-05
413,i can assure you that you won't be disappointed ,1,1.0,0.99992675
414,i can take a little bad service but the food sucks ,0,2.882671e-35,1.9755919e-06
415,gave up trying to eat any of the crust teeth still sore ,0,1.6553299e-33,2.9623225e-06
416,but now i was completely grossed out ,0,5.628034e-23,0.00011637998
417,i really enjoyed eating here ,1,1.0,0.99965525
418,first time going but i think i will quickly become a regular ,1,1.0,0.99994683
419,our server was very nice and even though he looked a little overwhelmed with all of our needs he stayed professional and friendly until the end ,1,1.0,0.99997115
420,from what my dinner companions told me  everything was very fresh with nice texture and taste ,1,1.0,0.999871
421,on the ground right next to our table was a large smeared been stepped in and tracked everywhere pile of green bird poop ,0,3.4756453e-32,2.5881313e-06
422,furthermore you can't even find hours of operation on the website!,0,1.9539513e-22,0.000107627115
423,we've tried to like this place but after 10+ times i think we're done with them ,0,1.3671629e-28,1.2603968e-05
424,what a mistake that was!,0,2.7529374e-23,9.125227e-05
425,no complaints!,1,1.0,0.99807644
426,this is some seriously good pizza and i'm an expert/connisseur on the topic ,1,1.0,0.9999888
427,waiter was a jerk ,0,1.0814815e-21,2.8507824e-05
428,strike 2 who wants to be rushed ,0,0.99995345,0.99505496
429,these are the nicest restaurant owners i've ever come across ,1,1.0095556e-11,0.93979955
430,i never come again ,0,1.24487695e-14,0.008547634
431,we loved the biscuits!!!,1,1.0,0.9999157
432,service is quick and friendly ,1,1.0,0.99994516
433,ordered an appetizer and took 40 minutes and then the pizza another 10 minutes ,0,0.0,5.124483e-07
434,so absolutley fantastic ,1,1.0,0.9999825
435,it was a huge awkward 1 5lb piece of cow that was 3/4ths gristle and fat ,0,7.834844e-33,3.0757076e-06
436,definitely will come back here again ,1,1.0,0.99966466
437,i like steiners because it's dark and it feels like a bar ,1,1.0,0.9999714
438,wow very spicy but delicious ,1,1.0,0.9999925
439,if you're not familiar check it out ,1,1.0,0.9999578
440,i'll take my business dinner dollars elsewhere ,0,3.549188e-17,0.00056388974
441,i'd love to go back ,1,1.0,0.99990356
442,anyway this fs restaurant has a wonderful breakfast/lunch ,1,1.0,0.99997663
443,nothing special ,0,2.145021e-15,0.0059061944
444,each day of the week they have a different deal and it's all so delicious!,1,1.0,0.99999595
445,not to mention the combination of pears almonds and bacon is a big winner!,1,1.0,0.9999727
446,will not be back ,0,3.5285561e-12,0.025528193
447,sauce was tasteless ,0,4.0304945e-14,0.006034404
448,the food is delicious and just spicy enough so be sure to ask for spicier if you prefer it that way ,1,1.0,0.9999315
449,my ribeye steak was cooked perfectly and had great mesquite flavor ,1,1.0,0.99998873
450,i don't think we'll be going back anytime soon ,0,0.0,3.8125006e-06
451,food was so gooodd ,1,1.0,0.9997511
452,i am far from a sushi connoisseur but i can definitely tell the difference between good food and bad food and this was certainly bad food ,0,0.0,1.7193564e-06
453,i was so insulted ,0,2.1700171e-14,0.006135285
454,the last 3 times i had lunch here has been bad ,0,8.1068736e-23,1.25813785e-05
455,the chicken wings contained the driest chicken meat i have ever eaten ,0,2.2784736e-22,4.086374e-05
456,the food was very good and i enjoyed every mouthful an enjoyable relaxed venue for couples small family groups etc ,1,1.0,0.9999945
457,nargile  i think you are great ,1,1.0,0.99997973
458,best tater tots in the southwest ,1,1.0,0.9999852
459,we loved the place ,1,1.0,0.99993384
460,definitely not worth the $3 i paid ,0,3.2638327e-06,0.4921869
461,the vanilla ice cream was creamy and smooth while the profiterole choux pastry was fresh enough ,1,1.0,0.9999093
462,im in az all the time and now have my new spot ,1,1.0,0.9999925
463,the manager was the worst ,0,1.5745839e-15,0.0042362213
464,the inside is really quite nice and very clean ,1,1.0,0.99999034
465,the food was outstanding and the prices were very reasonable ,1,1.0,0.9999923
466,i don't think i'll be running back to carly's anytime soon for food ,0,4.6335397e-31,4.6876135e-06
467,this is was due to the fact that it took 20 minutes to be acknowledged then another 35 minutes to get our food  and they kept forgetting things ,0,0.0,1.1203804e-06
468,love the margaritas too!,1,1.0,0.999624
469,this was my first and only vegas buffet and it did not disappoint ,1,1.0,0.99990547
470,very good though!,1,1.0,0.99979234
471,the one down note is the ventilation could use some upgrading ,0,7.831742e-24,7.241554e-05
472,great pork sandwich ,1,1.0,0.99998295
473,don't waste your time here ,0,6.4445684e-26,1.7835606e-05
474,total letdown i would much rather just go to the camelback flower shop and cartel coffee ,0,1.4359232e-32,1.838941e-06
475,third the cheese on my friend's burger was cold ,0,5.127268e-19,4.961139e-05
476,we enjoy their pizza and brunch ,1,1.0,0.99964964
477,the steaks are all well trimmed and also perfectly cooked ,1,1.0,0.99999785
478,we had a group of 70+ when we claimed we would only have 40 and they handled us beautifully ,1,1.0,0.9999541
479,i loved it!,1,1.0,0.99972975
480,we asked for the bill to leave without eating and they didn't bring that either ,0,3.9183932e-36,7.758251e-07
481,this place is a jewel in las vegas and exactly what i've been hoping to find in nearly ten years living here ,1,1.0,0.99996966
482,seafood was limited to boiled shrimp and crab legs but the crab legs definitely did not taste fresh ,0,8.899014e-29,2.591341e-05
483,the selection of food was not the best ,0,4.9064747e-18,0.021447182
484,delicious and i will absolutely be back!,1,1.0,0.99998
485,this isn't a small family restaurant this is a fine dining establishment ,1,1.0,0.9998736
486,they had a toro tartare with a cavier that was extraordinary and i liked the thinly sliced wagyu with white truffle ,1,1.0,0.9999876
487,i dont think i will be back for a very long time ,0,1.3256128e-32,2.42482e-06
488,it was attached to a gas station and that is rarely a good sign ,0,3.098944e-23,1.8129576e-05
489,how awesome is that ,1,1.0,0.9998965
490,i will be back many times soon ,1,1.0,0.99968576
491,the menu had so much good stuff on it i could not decide!,1,1.0,0.999845
492,worse of all he humiliated his worker right in front of me bunch of horrible name callings ,0,0.0,1.1442378e-06
493,conclusion very filling meals ,1,1.0,0.9995909
494,their daily specials are always a hit with my group ,1,1.0,0.99998015
495,and then tragedy struck ,0,9.289309e-20,0.00011842416
496,the pancake was also really good and pretty large at that ,1,1.0,0.99983144
497,this was my first crawfish experience and it was delicious!,1,1.0,0.99999166
498,their monster chicken fried steak and eggs is my all time favorite ,1,1.0,0.9999776
499,waitress was sweet and funny ,1,1.0,0.9999486
500,i also had to taste my mom's multi grain pumpkin pancakes with pecan butter and they were amazing fluffy and delicious!,1,1.0,0.9999987
501,i'd rather eat airline food seriously ,0,4.9539313e-23,0.00010921227
502,cant say enough good things about this place ,1,1.0,0.99996275
503,the ambiance was incredible ,1,1.0,0.9998675
504,the waitress and manager are so friendly ,1,1.0,0.9999701
505,i would not recommend this place ,0,2.855942e-20,0.0008659363
506,overall i wasn't very impressed with noca ,0,1.689747e-29,5.4696222e-05
507,my gyro was basically lettuce only ,0,4.4078806e-24,1.24801245e-05
508,terrible service!,0,9.718999e-22,0.0008390248
509,thoroughly disappointed!,0,3.042812e-14,0.0027670562
510,i don't each much pasta but i love the homemade /hand made pastas and thin pizzas here ,1,1.0,0.999985
511,give it a try you will be happy you did ,1,1.0,0.9999893
512,by far the best cheesecurds we have ever had!,1,1.0,0.9999198
513,reasonably priced also!,1,1.0,0.9999246
514,everything was perfect the night we were in ,1,1.0,0.9998895
515,the food is very good for your typical bar food ,1,1.0,0.9999248
516,it was a drive to get there ,0,6.724872e-12,0.019686043
517,at first glance it is a lovely bakery cafe  nice ambiance clean friendly staff ,1,1.0,0.9999981
518,anyway i do not think i will go back there ,0,4.9855595e-28,2.7424453e-06
519,point your finger at any item on the menu order it and you won't be disappointed ,1,5.039616e-09,0.0002490282
520,oh this is such a thing of beauty this restaurant ,1,1.0,0.999969
521,if you haven't gone here go now!,1,1.0,0.9998405
522,a greasy unhealthy meal ,0,6.341722e-20,0.00030210614
523,first time there and might just be the last ,0,6.113172e-19,0.018556535
524,those burgers were amazing ,1,1.0,0.99995124
525,similarly the delivery man did not say a word of apology when our food was 45 minutes late ,0,9.864711e-37,1.7755375e-06
526,and it was way to expensive ,0,4.2069927e-16,0.0030920208
527,be sure to order dessert even if you need to pack it to go  the tiramisu and cannoli are both to die for ,1,1.0,0.9999825
528,this was my first time and i can't wait until the next ,1,1.0,0.99996054
529,the bartender was also nice ,1,1.0,0.99997044
530,everything was good and tasty!,1,1.0,0.99994826
531,this place is two thumbs up  way up ,1,0.9999995,0.9930788
532,the best place in vegas for breakfast just check out a sat or sun ,1,1.0,0.9999876
533,if you love authentic mexican food and want a whole bunch of interesting yet delicious meats to choose from you need to try this place ,1,1.0,0.9999924
534,terrible management ,0,8.184798e-25,7.749887e-05
535,an excellent new restaurant by an experienced frenchman ,1,1.0,0.99998987
536,if there were zero stars i would give it zero stars ,0,0.0,2.0566054e-06
537,great steak great sides great wine amazing desserts ,1,1.0,0.99999607
538,worst martini ever!,0,2.0049075e-24,2.6309943e-05
539,the steak and the shrimp are in my opinion the best entrees at gc ,1,1.0,0.9998851
540,i had the opportunity today to sample your amazing pizzas!,1,1.0,0.9999757
541,we waited for thirty minutes to be seated although there were 8 vacant tables and we were the only folks waiting ,0,1.7283422e-12,0.0041526854
542,the yellowtail carpaccio was melt in your mouth fresh ,1,1.0,0.9999898
543,i won't try going back there even if it's empty ,0,1.8663657e-30,2.2288395e-06
544,no i'm going to eat the potato that i found some strangers hair in it ,0,2.4542725e-24,5.367164e-06
545,just spicy enough  perfect actually ,1,1.0,0.9999713
546,last night was my second time dining here and i was so happy i decided to go back!,1,1.0,0.99995565
547,not even a hello we will be right with you ,0,4.060521e-20,0.0005027354
548,the desserts were a bit strange ,0,5.5411852e-14,0.0051154494
549,my boyfriend and i came here for the first time on a recent trip to vegas and could not have been more pleased with the quality of food and service ,1,1.0,0.9998627
550,i really do recommend this place you can go wrong with this donut place!,1,1.0,0.9999858
551,nice ambiance ,1,1.0,0.9998621
552,i would recommend saving room for this!,1,1.0,0.9998164
553,i guess maybe we went on an off night but it was disgraceful ,0,1.4081743e-28,2.3085688e-06
554,however my recent experience at this particular location was not so good ,0,4.5546148e-36,0.00011981805
555,i know this is not like the other restaurants at all something is very off here!,0,2.8866193e-29,4.941295e-06
556,avoid this establishment!,0,1.20625495e-20,0.0001746118
557,i think this restaurant suffers from not trying hard enough ,0,1.8669255e-33,1.2434836e-05
558,all of the tapas dishes were delicious!,1,1.0,0.99998564
559,i *heart* this place ,1,1.0,0.9993669
560,my salad had a bland vinegrette on the baby greens and hearts of palm ,0,9.937353e-27,7.3519977e-06
561,after two i felt disgusting ,0,6.426142e-23,3.3143915e-05
562,a good time!,1,1.0,0.9988837
563,i believe that this place is a great stop for those with a huge belly and hankering for sushi ,1,1.0,0.99999243
564,generous portions and great taste ,1,1.0,0.9999883
565,i will never go back to this place and will never ever recommended this place to anyone!,0,8.699737e-21,2.6766145e-05
566,the servers went back and forth several times not even so much as an are you being helped? ,0,3.5744542e-28,1.0836304e-05
567,food was delicious!,1,1.0,0.9997262
568,an hour  seriously?,0,2.7207704e-16,0.0023731291
569,i consider this theft ,0,0.00034230947,0.7439933
570,eew  this location needs a complete overhaul ,0,5.4394665e-28,3.8234675e-06
571,we recently witnessed her poor quality of management towards other guests as well ,0,0.0,3.893751e-06
572,waited and waited and waited ,0,1.9046354e-31,4.518851e-06
573,he also came back to check on us regularly excellent service ,1,1.0,0.9999881
574,our server was super nice and checked on us many times ,1,1.0,0.99989235
575,the pizza tasted old super chewy in not a good way ,0,1.8775754e-09,0.46469715
576,i swung in to give them a try but was deeply disappointed ,0,5.742582e-24,5.8118612e-06
577,service was good and the company was better!,1,1.0,0.9989617
578,the staff are also very friendly and efficient ,1,1.0,0.99998057
579,as for the service i'm a fan because it's quick and you're being served by some nice folks ,1,7.617727e-18,0.07722238
580,boy was that sucker dry!! ,0,1.4981379e-18,9.55814e-05
581,over rated ,0,7.919552e-14,0.0028457642
582,if you look for authentic thai food go else where ,0,4.3934e-21,8.5957865e-05
583,their steaks are 100 recommended!,1,1.0,0.99986625
584,after i pulled up my car i waited for another 15 minutes before being acknowledged ,0,0.0,6.473921e-07
585,great food and great service in a clean and friendly setting ,1,1.0,0.99999464
586,all in all i can assure you i'll be back ,1,1.0,0.999977
587,i hate those things as much as cheap quality black olives ,0,6.7552344e-28,3.6939057e-06
588,my breakfast was perpared great with a beautiful presentation of 3 giant slices of toast lightly dusted with powdered sugar ,1,1.0,0.99999094
589,the kids play area is nasty!,0,1.9683975e-22,6.354465e-05
590,great place fo take out or eat in ,1,1.0,0.9999691
591,the waitress was friendly and happy to accomodate for vegan/veggie options ,1,1.0,0.999996
592,omg i felt like i had never eaten thai food until this dish ,1,1.0,0.9999564
593,it was extremely crumby and pretty tasteless ,0,5.8227777e-20,0.0016576052
594,it was a pale color instead of nice and char and has no flavor ,0,5.466835e-23,1.7457854e-05
595,the croutons also taste homemade which is an extra plus ,1,1.0,0.9999916
596,i got home to see the driest damn wings ever!,0,8.397903e-25,9.4270345e-06
597,it'll be a regular stop on my trips to phoenix!,1,1.0,0.9999914
598,i really enjoyed crema caf√© before they expanded; i even told friends they had the best breakfast ,1,1.0,0.99999404
599,not good for the money ,0,1.1110644e-18,0.0036511421
600,i miss it and wish they had one in philadelphia!,1,1.0,0.9999821
601,we got sitting fairly fast but ended up waiting 40 minutes just to place our order another 30 minutes before the food arrived ,0,0.0,7.950993e-07
602,they also have the best cheese crisp in town ,1,1.0,0.99999404
603,good value great food great service ,1,1.0,0.99999464
604,couldn't ask for a more satisfying meal ,1,1.0,0.999892
605,the food is good ,1,1.0,0.99927247
606,it was awesome ,1,1.0,0.99934745
607,i just wanted to leave ,0,2.4458227e-17,0.001090467
608,we made the drive all the way from north scottsdale  and i was not one bit disappointed!,1,1.0,0.99840516
609,i will not be eating there again ,0,9.357841e-21,0.0003053248
610,!  the owners really really need to quit being soooooo cheap let them wrap my freaking sandwich in two papers not one!,0,6.680131e-34,4.7308577e-06
611,i checked out this place a couple years ago and was not impressed ,0,3.1768705e-20,0.0017121434
612,the chicken i got was definitely reheated and was only ok the wedges were cold and soggy ,0,2.0397442e-33,1.5844681e-06
613,sorry i will not be getting food from here anytime soon ,0,9.839087e-28,1.3372464e-05
614,an absolute must visit!,1,1.0,0.9999711
615,the cow tongue and cheek tacos are amazing ,1,1.0,0.9999932
616,my friend did not like his bloody mary ,0,4.6887696e-22,2.5873924e-05
617,despite how hard i rate businesses its actually rare for me to give a 1 star ,0,0.0,5.6026477e-07
618,they really want to make your experience a good one ,1,1.0,0.9999913
619,i will not return ,0,2.5856132e-15,0.0005097389
620,i had the chicken pho and it tasted very bland ,0,5.062323e-24,0.000101140264
621,very disappointing!!!,0,1.7309525e-15,0.0037584305
622,the grilled chicken was so tender and yellow from the saffron seasoning ,1,1.0,0.9999901
623,a drive thru means you do not want to wait around for half an hour for your food but somehow when we end up going here they make us wait and wait ,0,2.6637516e-32,9.521785e-05
624,pretty awesome place ,1,1.0,0.9999832
625,ambience is perfect ,1,1.0,0.9999521
626,best of luck to the rude and non customer service focused new management ,0,6.6541077e-28,8.025748e-06
627,any grandmother can make a roasted chicken better than this one ,0,3.4884275e-22,0.0002348125
628,i asked multiple times for the wine list and after some time of being ignored i went to the hostess and got one myself ,0,6.921117e-32,5.018923e-06
629,the staff is always super friendly and helpful which is especially cool when you bring two small boys and a baby!,1,1.0,0.99994147
630,four stars for the food & the guy in the blue shirt for his great vibe & still letting us in to eat !,1,1.0,0.99981344
631,the roast beef sandwich tasted really good!,1,2.2679261e-17,0.018747866
632,same evening him and i are both drastically sick ,0,1.0340217e-21,7.99275e-06
633,high quality chicken on the chicken caesar salad ,1,1.0,0.9999316
634,ordered burger rare came in we'll done ,0,4.4225022e-23,9.089603e-06
635,we were promptly greeted and seated ,1,1.0,0.9999908
636,tried to go here for lunch and it was a madhouse ,0,2.9231044e-17,0.0017781258
637,i was proven dead wrong by this sushi bar not only because the quality is great but the service is fast and the food impeccable ,1,1.0,0.99998856
638,after waiting an hour and being seated i was not in the greatest of moods ,0,2.4610722e-37,1.978367e-06
639,this is a good joint ,1,1.0,0.99996114
640,the macarons here are insanely good ,1,1.0,0.99997675
641,i'm not eating here!,0,7.1047256e-19,9.9967285e-05
642,our waiter was very attentive friendly and informative ,1,0.99359787,0.99913645
643,maybe if they weren't cold they would have been somewhat edible ,0,1.390351e-29,1.5254286e-06
644,this place has a lot of promise but fails to deliver ,0,9.0216e-18,0.011886984
645,very bad experience!,0,2.4905693e-20,0.003035456
646,what a mistake ,0,6.170686e-13,0.011664093
647,food was average at best ,0,5.47216e-29,0.00018799305
648,great food ,1,1.0,0.99988836
649,we won't be going back anytime soon!,0,4.520016e-28,3.672712e-05
650,very very disappointed ordered the $35 big bay plater ,0,2.7418687e-24,6.952863e-06
651,great place to relax and have an awesome burger and beer ,1,1.0,0.99999595
652,it is perfect for a sit down family meal or get together with a few friends ,1,1.0,0.99992263
653,not much flavor to them and very poorly constructed ,0,5.971696e-27,2.3327407e-06
654,the patio seating was very comfortable ,1,1.0,0.99995977
655,the fried rice was dry as well ,0,4.1690885e-28,1.8185458e-05
656,hands down my favorite italian restaurant!,1,1.0,0.9999715
657,that just screams legit in my book  somethat's also pretty rare here in vegas ,1,1.0,0.9999752
658,it was just not a fun experience ,1,1.0,0.99981
659,the atmosphere was great with a lovely duo of violinists playing songs we requested ,1,1.0,0.9999919
660,i personally love the hummus pita baklava falafels and baba ganoush it's amazing what they do with eggplant! ,1,1.0,0.99997604
661,very convenient since we were staying at the mgm!,1,1.0,0.9998513
662,the owners are super friendly and the staff is courteous ,1,1.0,0.9999907
663,both great!,1,1.0,0.9999189
664,eclectic selection ,1,1.0,0.9997062
665,the sweet potato tots were good but the onion rings were perfection or as close as i have had ,1,1.0,0.99998343
666,the staff was very attentive ,1,1.0,0.99988127
667,and the chef was generous with his time even came around twice so we can take pictures with him ,1,1.0,0.999891
668,the owner used to work at nobu so this place is really similar for half the price ,1,1.0,0.9998347
669,google mediocre and i imagine smashburger will pop up ,0,2.1395448e-31,5.8334954e-06
670,dont go here ,0,3.4198826e-16,0.002487421
671,i promise they won't disappoint ,1,1.0,0.99960756
672,as a sushi lover avoid this place by all means ,0,1.9104498e-23,1.8640607e-05
673,what a great double cheeseburger!,1,1.0,0.9999832
674,awesome service and food ,1,1.0,0.9999827
675,a fantastic neighborhood gem !!!,1,1.0,0.9999807
676,i can't wait to go back ,1,1.0,0.9968506
677,the plantains were the worst i've ever tasted ,0,3.1484348e-35,2.2208446e-06
678,it's a great place and i highly recommend it ,1,1.0,0.9999938
679,service was slow and not attentive ,0,1.0756173e-31,0.00019064546
680,i gave it 5 stars then and i'm giving it 5 stars now ,1,1.0,0.99996126
681,your staff spends more time talking to themselves than me ,0,1.0,0.99693316
682,dessert panna cotta was amazing ,1,1.0,0.99998903
683,very good food great atmosphere 1,1,1.0,0.99992174
684,damn good steak ,1,1.0,0.99975246
685,total brunch fail ,0,2.5883036e-18,0.0003567934
686,prices are very reasonable flavors are spot on the sauce is home made and the slaw is not drenched in mayo ,1,1.0,0.99995685
687,the decor is nice and the piano music soundtrack is pleasant ,1,1.0,0.999992
688,the steak was amazing  rge fillet relleno was the best seafood plate i have ever had!,1,1.0,0.99997306
689,good food  good service ,1,1.0,0.9999726
690,it was absolutely amazing ,1,0.9999973,0.99849343
691,i probably won't be back to be honest ,0,3.264594e-24,1.8235909e-05
692,will definitely be back!,1,1.0,0.99957097
693,the sergeant pepper beef sandwich with auju sauce is an excellent sandwich as well ,1,1.0,0.999983
694,hawaiian breeze mango magic and pineapple delight are the smoothies that i've tried so far and they're all good ,1,1.0,0.9999922
695,went for lunch  service was slow ,0,7.9280407e-19,0.0011092126
696,we had so much to say about the place before we walked in that he expected it to be amazing but was quickly disappointed ,0,1.0,0.999974
697,i was mortified ,0,1.1423834e-13,0.0029638112
698,needless to say we will never be back here again ,0,2.8145178e-21,0.00021615624
699,anyways the food was definitely not filling at all and for the price you pay you should expect more ,0,4.4281574e-23,4.124516e-05
700,the chips that came out were dripping with grease and mostly not edible ,0,5.368778e-28,4.7697317e-06
701,i wasn't really impressed with strip steak ,0,1.049366e-25,0.00042539835
702,have been going since 2007 and every meal has been awesome!!,1,1.0,0.99999684
703,our server was very nice and attentive as were the other serving staff ,1,1.0,0.99998677
704,the cashier was friendly and even brought the food out to me ,1,1.0,0.99991506
705,i work in the hospitality industry in paradise valley and have refrained from recommending cibo any longer ,0,1.2852367e-29,6.149072e-06
706,the atmosphere here is fun ,1,1.0,0.9999474
707,would not recommend to others ,0,5.303363e-18,0.0015870929
708,service is quick and even to go orders are just like we like it!,1,1.0,0.9999405
709,i mean really how do you get so famous for your fish and chips when it's so terrible!?!,0,1.6064218e-33,1.8291845e-06
710,that said our mouths and bellies were still quite pleased ,1,1.0,0.99999416
711,not my thing ,0,8.963606e-15,0.0008639991
712,2 thumbs up!!,1,1.0,0.99915385
713,if you are reading this please don't go there ,0,4.4707513e-27,1.7871702e-05
714,i loved the grilled pizza reminded me of legit italian pizza ,1,1.0,0.9999888
715,only pros  large seating area/ nice bar area/ great simple drink menu/ the best brick oven pizza with homemade dough!,1,1.0,0.99999607
716,they have a really nice atmosphere ,1,1.0,0.9999777
717,tonight i had the elk filet special  and it sucked ,0,1.1739885e-25,4.714468e-06
718,after one bite i was hooked ,1,1.0,0.99991703
719,we ordered some old classics and some new dishes after going there a few times and were sorely disappointed with everything ,0,3.7514425e-10,0.03761682
720,cute quaint simple honest ,1,1.0,0.99992514
721,the chicken was deliciously seasoned and had the perfect fry on the outside and moist chicken on the inside ,1,1.0,0.99999404
722,the food was great as always compliments to the chef ,1,1.0,0.9999957
723,special thanks to dylan t for the recommendation on what to order  all yummy for my tummy ,1,1.0,0.9999779
724,awesome selection of beer ,1,1.0,0.99996936
725,great food and awesome service!,1,1.0,0.99999654
726,one nice thing was that they added gratuity on the bill since our party was larger than 6 or 8 and they didn't expect more tip than that ,1,1.0,0.9999257
727,a fly was in my apple juice  a fly!!!!!!!!,0,1.2233235e-25,3.8859384e-06
728,the han nan chicken was also very tasty ,1,1.0,0.99997604
729,as for the service i thought it was good ,1,1.0,0.99965763
730,the food was barely lukewarm so it must have been sitting waiting for the server to bring it out to us ,0,3.8033053e-27,1.6533888e-05
731,ryan's bar is definitely one edinburgh establishment i won't be revisiting ,0,2.0822726e-22,0.001567632
732,nicest chinese restaurant i've been in a while ,1,1.0,0.99993
733,overall i like there food and the service ,1,1.0,0.9997057
734,they also now serve indian naan bread with hummus and some spicy pine nut sauce that was out of this world ,1,1.0,0.9999846
735,probably never coming back and wouldn't recommend it ,0,0.0,3.0584474e-06
736,friend's pasta  also bad he barely touched it ,0,1.3385602e-32,1.6739014e-05
737,try them in the airport to experience some tasty food and speedy friendly service ,1,1.0,0.9999952
738,i love the decor with the chinese calligraphy wall paper ,1,1.0,0.9999943
739,never had anything to complain about here ,1,1.0,0.99989426
740,the restaurant is very clean and has a family restaurant feel to it ,1,1.0,0.9999703
741,it was way over fried ,0,8.08944e-18,0.00021851063
742,i'm not sure how long we stood there but it was long enough for me to begin to feel awkwardly out of place ,0,7.232097e-34,1.7713186e-05
743,when i opened the sandwich i was impressed but not in a good way ,0,2.3953051e-26,7.714684e-05
744,will not be back!,0,3.5285561e-12,0.025528133
745,there was a warm feeling with the service and i felt like their guest for a special treat ,1,1.0,0.9999769
746,an extensive menu provides lots of options for breakfast ,1,1.0,0.99997425
747,i always order from the vegetarian menu during dinner which has a wide array of options to choose from ,1,1.0,0.99997187
748,i have watched their prices inflate portions get smaller and management attitudes grow rapidly!,0,2.5845188e-30,3.7843667e-05
749,wonderful lil tapas and the ambience made me feel all warm and fuzzy inside ,1,1.0,0.99999106
750,i got to enjoy the seafood salad with a fabulous vinegrette ,1,1.0,0.99991053
751,the wontons were thin not thick and chewy almost melt in your mouth ,1,1.0,0.9999745
752,level 5 spicy was perfect where spice didn't over whelm the soup ,1,1.0,0.99994177
753,we were sat right on time and our server from the get go was fantastic!,1,0.9991776,0.998963
754,main thing i didn't enjoy is that the crowd is of older crowd around mid 30s and up ,0,4.0603512e-35,2.7527271e-06
755,when i'm on this side of town this will definitely be a spot i'll hit up again!,1,1.0,0.99999285
756,i had to wait over 30 minutes to get my drink and longer to get 2 arepas ,0,7.5723352e-31,3.181474e-06
757,this is a great place to eat!,1,1.0,0.9998883
758,the jalapeno bacon is soooo good ,1,1.0,0.99999535
759,the service was poor and thats being nice ,0,1.6666517e-34,8.8308196e-05
760,food was good service was good prices were good ,1,1.0,0.99999726
761,the place was not clean and the food oh so stale!,0,1.6012081e-19,0.00046285987
762,the chicken dishes are ok the beef is like shoe leather ,0,1.4696349e-22,9.619349e-06
763,but the service was beyond bad ,0,3.7697143e-16,0.0039910674
764,i'm so happy to be here!!! ,1,1.0,0.99996066
765,tasted like dirt ,0,8.5883725e-16,0.0012823641
766,one of the few places in phoenix that i would definately go back to again ,1,1.0,0.9999526
767,the block was amazing ,1,1.0,0.99995255
768,it's close to my house it's low key non fancy affordable prices good food ,1,1.0,0.9999912
769,* both the hot & sour & the egg flower soups were absolutely 5 stars!,1,1.0,0.9999927
770,my sashimi was poor quality being soggy and tasteless ,0,0.0,4.6105507e-07
771,great time  family dinner on a sunday night ,1,1.0,0.99998796
772,the food is not tasty at all not to say its real traditional hunan style ,0,2.6973997e-35,1.3820279e-06
773,what did bother me was the slow service ,0,9.558212e-30,1.2379012e-05
774,the flair bartenders are absolutely amazing!,1,1.0,0.99999
775,their frozen margaritas are way too sugary for my taste ,0,3.1124675e-27,3.770724e-05
776,these were so good we ordered them twice ,1,1.0,0.99994004
777,so in a nutshell 1 the restaraunt smells like a combination of a dirty fish market and a sewer ,0,5.6001764e-29,4.6277464e-06
778,my girlfriend's veal was very bad ,0,4.89938e-28,4.0001178e-06
779,unfortunately it was not good ,0,1.523054e-26,0.00023573637
780,i had a pretty satifying experience ,1,1.0,0.99995303
781,join the club and get awesome offers via email ,1,1.0,0.9999877
782,perfect for someone me who only likes beer ice cold or in this case even colder ,1,1.0,0.99997544
783,bland and flavorless is a good way of describing the barely tepid meat ,0,4.67256e-36,1.3416118e-06
784,the chains which i'm no fan of beat this place easily ,0,7.5344963e-25,6.326314e-06
785,the nachos are a must have!,1,1.0,0.9999187
786,we will not be coming back ,0,5.674751e-23,5.2305408e-05
787,i don't have very many words to say about this place but it does everything pretty well ,1,1.0,0.9999801
788,the staff is super nice and very quick even with the crazy crowds of the downtown juries lawyers and court staff ,1,1.0,0.99999535
789,great atmosphere friendly and fast service ,1,1.0,0.99999726
790,when i received my pita it was huge it did have a lot of meat in it so thumbs up there ,1,1.0,0.99976903
791,once your food arrives it's meh ,0,6.2837316e-21,0.0008300841
792,paying $7 85 for a hot dog and fries that looks like it came out of a kid's meal at the wienerschnitzel is not my idea of a good meal ,0,6.6381526e-38,0.00022253394
793,the classic maine lobster roll was fantastic ,1,1.0,0.9999908
794,my brother in law who works at the mall ate here same day and guess what he was sick all night too ,0,5.8788206e-35,1.5847099e-06
795,so good i am going to have to review this place twice  once hereas a tribute to the place and once as a tribute to an event held here last night ,1,1.0,0.9999012
796,the chips and salsa were really good the salsa was very fresh ,1,1.0,0.9999777
797,this place is great!!!!!!!!!!!!!!,1,1.0,0.9999125
798,mediocre food ,0,4.1280622e-16,0.0024483502
799,once you get inside you'll be impressed with the place ,1,1.0,0.99991524
800,i'm super pissd ,0,8.3848245e-14,0.006189674
801,and service was super friendly ,1,1.0,0.99973685
802,why are these sad little vegetables so overcooked?,0,9.08142e-37,3.1432814e-06
803,this place was such a nice surprise!,1,1.0,0.9999799
804,they were golden crispy and delicious ,1,1.0,0.9999872
805,i had high hopes for this place since the burgers are cooked over a charcoal grill but unfortunately the taste fell flat way flat ,0,6.8617138e-37,4.056474e-06
806,i could eat their bruschetta all day it is devine ,1,1.0,0.9999665
807,not a single employee came out to see if we were ok or even needed a water refill once they finally served us our food ,0,6.023653e-35,3.1124705e-06
808,lastly the mozzarella sticks they were the best thing we ordered ,1,1.0,0.9997117
809,the first time i ever came here i had an amazing experience i still tell people how awesome the duck was ,1,1.0,0.9999746
810,the server was very negligent of our needs and made us feel very unwelcome  i would not suggest this place!,0,0.0,3.6639224e-06
811,the service was terrible though ,0,2.5518643e-24,0.0055353343
812,this place is overpriced not consistent with their boba and it really is overpriced!,0,1.325123e-31,1.9598212e-06
813,it was packed!!,0,9.555445e-14,0.0048739314
814,i love this place ,1,1.0,0.9998431
815,i can say that the desserts were yummy ,1,1.0,0.9998274
816,the food was terrible ,0,5.099166e-17,0.005631089
817,the seasonal fruit was fresh white peach puree ,1,1.0,0.99999285
818,it kept getting worse and worse so now i'm officially done ,0,7.8643506e-30,1.7576473e-06
819,this place should honestly be blown up ,0,2.335619e-25,6.6820314e-05
820,but i definitely would not eat here again ,0,1.2419602e-21,0.0005326867
821,do not waste your money here!,0,0.0,1.5186484e-06
822,i love that they put their food in nice plastic containers as opposed to cramming it in little paper takeout boxes ,1,1.0,0.9999901
823,the cr√™pe was delicate and thin and moist ,1,1.0,0.99999034
824,awful service ,0,2.4536632e-17,0.0017784834
825,won't ever go here again ,0,1.2743831e-15,0.0072652996
826,food quality has been horrible ,0,2.3232813e-13,0.027270555
827,for that price i can think of a few place i would have much rather gone ,0,2.208846e-28,3.3294791e-06
828,the service here is fair at best ,0,3.5051717e-20,0.008038461
829,i do love sushi but i found kabuki to be over priced over hip and under services ,0,8.421184e-27,0.00037127733
830,do yourself a favor and stay away from this dish ,0,2.4140066e-28,2.2968761e-05
831,very poor service ,0,3.2424622e-18,0.0009379387
832,no one at the table thought the food was above average or worth the wait that we had for it ,0,9.79149e-22,0.0006340146
833,best service and food ever maria our server was so good and friendly she made our day ,1,1.0,0.99999046
834,they were excellent ,1,1.0,0.9998638
835,i paid the bill but did not tip because i felt the server did a terrible job ,0,0.0,9.648846e-07
836,just had lunch here and had a great experience ,1,1.0,0.9999878
837,i have never had such bland food which surprised me considering the article we read focused so much on their spices and flavor ,0,8.641274e-33,4.6849545e-06
838,food is way overpriced and portions are fucking small ,0,5.4339607e-24,1.4464033e-05
839,i recently tried caballero's and i have been back every week since!,1,1.0,0.9999876
840,for 40 bucks a head i really expect better food ,0,1.587451e-19,2.9940718e-05
841,the food came out at a good pace ,1,1.0,0.99980265
842,i ate there twice on my last visit and especially enjoyed the salmon salad ,1,1.0,0.9999901
843,i won't be back ,0,2.8760865e-12,0.02745971
844,we could not believe how dirty the oysters were!,0,2.7666594e-35,5.4574166e-06
845,this place deserves no stars ,0,5.1571583e-13,0.028371632
846,i would not recommend this place ,0,2.855942e-20,0.0008659363
847,in fact i'm going to round up to 4 stars just because she was so awesome ,1,1.0,0.99998033
848,to my disbelief each dish qualified as the worst version of these foods i have ever tasted ,0,7.8139847e-32,2.2217132e-06
849,bad day or not i have a very low tolerance for rude customer service people it is your job to be nice and polite wash dishes otherwise!!,0,2.2483003e-35,5.1964603e-06
850,the potatoes were great and so was the biscuit ,1,1.0,0.99998426
851,i probably would not go here again ,0,1.1175208e-34,1.23855425e-05
852,so flavorful and has just the perfect amount of heat ,1,1.0,0.9999821
853,the price is reasonable and the service is great ,1,1.0,0.99999285
854,the wife hated her meal coconut shrimp and our friends really did not enjoy their meals either ,0,1.9121458e-26,4.639917e-06
855,my fella got the huevos rancheros and they didn't look too appealing ,0,1.6604581e-34,1.3430135e-06
856,went in for happy hour great list of wines ,1,1.0,0.99995583
857,some may say this buffet is pricey but i think you get what you pay for and this place you are getting quite a lot!,1,1.0,0.9998783
858,i probably won't be coming back here ,0,1.1085899e-37,3.1397433e-06
859,worst food/service i've had in a while ,0,6.915286e-24,0.00014001131
860,this place is pretty good nice little vibe in the restaurant ,1,1.0,0.9999914
861,talk about great customer service of course we will be back ,1,1.0,0.9999233
862,hot dishes are not hot cold dishes are close to room temp i watched staff prepare food with bare hands no gloves everything is deep fried in oil ,0,1.3242652e-29,2.3081682e-06
863,i love their fries and their beans ,1,1.0,0.9999387
864,always a pleasure dealing with him ,1,0.91114575,0.9173348
865,they have a plethora of salads and sandwiches and everything i've tried gets my seal of approval ,1,1.0,0.99996793
866,this place is awesome if you want something light and healthy during the summer ,1,1.0,0.99999297
867,for sushi on the strip this is the place to go ,1,1.0,0.99991
868,the service was great even the manager came and helped with our table ,1,1.0,0.99989
869,the feel of the dining room was more college cooking course than high class dining and the service was slow at best ,0,2.3779496e-36,2.7734455e-05
870,i started this review with two stars but i'm editing it to give it only one ,0,2.3861064e-31,1.24811e-05
871,this is the worst sushi i have ever eat besides costco's ,0,2.1873813e-27,6.7362985e-06
872,all in all an excellent restaurant highlighted by great service a unique menu and a beautiful setting ,1,1.0,0.9999877
873,my boyfriend and i sat at the bar and had a completely delightful experience ,1,4.388198e-14,0.12192014
874,weird vibe from owners ,0,9.49427e-19,7.969205e-05
875,there was hardly any meat ,0,1.1047703e-20,2.827764e-05
876,i've had better bagels from the grocery store ,0,1.8818053e-25,3.4196355e-06
877,go to place for gyros ,1,1.0,0.9989253
878,i love the owner/chef his one authentic japanese cool dude!,1,1.0,0.99999607
879,now the burgers aren't as good the pizza which used to be amazing is doughy and flavorless ,0,1.4716897e-20,0.0015491247
880,i found a six inch long piece of wire in my salsa ,0,2.8263357e-33,1.2029532e-05
881,the service was terrible food was mediocre ,0,0.0,3.6629092e-06
882,we definately enjoyed ourselves ,1,1.0,0.99998176
883,i ordered albondigas soup  which was just warm  and tasted like tomato soup with frozen meatballs ,0,4.8240774e-31,1.6294927e-06
884,on three different occasions i asked for well done or medium well and all three times i got the bloodiest piece of meat on my plate ,0,1.2262854e-33,5.0715503e-06
885,i had about two bites and refused to eat anymore ,0,8.226214e-24,1.2528313e-05
886,the service was extremely slow ,0,7.544972e-12,0.07982224
887,after 20 minutes wait i got a table ,0,3.598541e-24,1.1523135e-05
888,seriously killer hot chai latte ,1,1.0,0.9999764
889,no allergy warnings on the menu and the waitress had absolutely no clue as to which meals did or did not contain peanuts ,0,2.2029892e-28,8.3934265e-06
890,my boyfriend tried the mediterranean chicken salad and fell in love ,1,1.0,0.9999906
891,their rotating beers on tap is also a highlight of this place ,1,1.0,0.9999695
892,pricing is a bit of a concern at mellow mushroom ,0,2.8095246e-17,0.002263844
893,worst thai ever ,0,8.0750564e-22,0.00016927719
894,if you stay in vegas you must get breakfast here at least once ,1,1.0,0.9999
895,i want to first say our server was great and we had perfect service ,1,1.0,0.9999944
896,the pizza selections are good ,1,1.0,0.9999479
897,i had strawberry tea which was good ,1,1.0,0.99989915
898,highly unprofessional and rude to a loyal patron!,0,1.2458492e-09,0.99241394
899,overall a great experience ,1,1.0,0.9999943
900,spend your money elsewhere ,0,1.6078851e-20,6.612389e-05
901,their regular toasted bread was equally satisfying with the occasional pats of butter  mmmm  !,1,1.0,0.99999416
902,the buffet at bellagio was far from what i anticipated ,0,5.864968e-23,8.384546e-06
903,and the drinks are weak people!,0,2.6254266e-17,0.00029337406
904, my order was not correct ,0,4.319028e-18,0.00023314357
905,also i feel like the chips are bought not made in house ,0,2.9315235e-25,0.00068834424
906,after the disappointing dinner we went elsewhere for dessert ,0,6.136014e-29,3.0069285e-05
907,the chips and sals a here is amazing!!!!!!!!!!!!!!!!!!!,1,1.0,0.9999701
908,we won't be returning ,0,2.019731e-16,0.0017099977
909,this is my new fav vegas buffet spot ,1,1.0,0.9999943
910,i seriously cannot believe that the owner has so many unexperienced employees that all are running around like chickens with their heads cut off ,0,2.6057806e-32,1.691778e-05
911,very very sad ,0,8.440495e-16,0.0021345913
912,i felt insulted and disrespected how could you talk and judge another human being like that?,0,2.8304393e-38,3.861328e-06
913,how can you call yourself a steakhouse if you can't properly cook a steak i don't understand!,0,7.1874464e-30,2.8360482e-06
914,i'm not impressed with the concept or the food ,0,9.901249e-28,7.153704e-06
915,the only thing i wasn't too crazy about was their guacamole as i don't like it pur√©ed ,0,1.4303967e-31,2.5402155e-06
916,there is really nothing for me at postinos hope your experience is better,0,3.599134e-30,6.707925e-06
917,i got food poisoning here at the buffet ,0,9.332511e-25,2.9083594e-05
918,they brought a fresh batch of fries and i was thinking yay something warm but no!,0,2.588362e-26,5.2442238e-06
919,what should have been a hilarious yummy christmas eve dinner to remember was the biggest fail of the entire trip for us ,0,1.12402056e-32,2.0517177e-06
920,needless to say i won't be going back anytime soon ,0,2.233268e-32,1.10213205e-05
921,this place is disgusting!,0,8.744928e-12,0.053465605
922,every time i eat here i see caring teamwork to a professional degree ,1,1.0,0.9999863
923,the ri style calamari was a joke ,0,4.968354e-30,3.8259773e-06
924,however there was so much garlic in the fondue it was barely edible ,0,7.449301e-33,8.2282537e-07
925,i could barely stomach the meal but didn't complain because it was a business lunch ,0,1.7198565e-29,1.5328279e-06
926,it was so bad i had lost the heart to finish it ,0,2.232509e-10,0.4738085
927,it also took her forever to bring us the check when we asked for it ,0,4.195056e-30,3.463742e-06
928,we aren't ones to make a scene at restaurants but i just don't get it  definitely lost the love after this one!,0,4.6701103e-13,0.18443403
929,disappointing experience ,0,6.4033974e-19,0.00810796
930,the food is about on par with denny's which is to say not good at all ,0,1.8921563e-25,5.5068936e-05
931,if you want to wait for mediocre food and downright terrible service then this is the place for you ,0,0.0,9.804851e-05
932,waaaaaayyyyyyyyyy over rated is all i am saying ,0,1.2609058e-31,2.610817e-06
933,we won't be going back ,0,1.7747185e-17,0.00044625998
934,the place was fairly clean but the food simply wasn't worth it ,0,3.9221997e-32,2.9117564e-05
935,this place lacked style!!,0,1.7829096e-16,0.0008032024
936,the sangria was about half of a glass wine full and was $12 ridiculous ,0,3.2708922e-22,6.6396583e-06
937,don't bother coming here ,0,7.320656e-30,8.076461e-06
938,the meat was pretty dry i had the sliced brisket and pulled pork ,0,2.4198464e-25,4.6022087e-05
939,the building itself seems pretty neat; the bathroom is pretty trippy but i wouldn't eat here again ,0,4.115235e-30,2.6652997e-05
940,it was equally awful ,0,2.4595026e-16,0.003995329
941,probably not in a hurry to go back ,0,4.5246442e-26,6.555092e-06
942,very slow at seating even with reservation ,0,4.9554234e-31,5.0273297e-06
943,not good by any stretch of the imagination ,0,3.1664848e-23,2.7156399e-05
944,the cashew cream sauce was bland and the vegetables were undercooked ,0,8.6701934e-19,0.011279017
945,the chipolte ranch dipping sause was tasteless seemed thin and watered down with no heat ,0,7.920714e-37,2.447962e-06
946,it was a bit too sweet not really spicy enough and lacked flavor ,0,5.0987394e-24,4.9234627e-06
947,i was very disappointed!!,0,2.5265876e-09,0.064395845
948,this place is horrible and way overpriced ,0,2.1402e-29,2.4705794e-05
949,maybe it's just their vegetarian fare but i've been twice and i thought it was average at best ,0,3.7971454e-34,0.0019940734
950,it wasn't busy at all and now we know why ,0,9.5556506e-32,2.625481e-06
951,the tables outside are also dirty a lot of the time and the workers are not always friendly and helpful with the menu ,0,2.3144711e-28,6.590128e-05
952,the ambiance here did not feel like a buffet setting but more of a douchey indoor garden for tea and biscuits ,0,8.1977804e-29,3.3099914e-05
953,con spotty service ,0,0.87375104,0.90375566
954,the fries were not hot and neither was my burger ,0,3.7128717e-23,1.2398827e-05
955,but then they came back cold ,0,2.1564926e-21,3.0645802e-05
956,then our food came out disappointment ensued ,0,9.6612546e-23,2.0933709e-05
957,the real disappointment was our waiter ,0,1.7576488e-29,5.8360383e-06
958,my husband said she was very rude  did not even apologize for the bad food or anything ,0,0.0,2.7912209e-05
959,the only reason to eat here would be to fill up before a night of binge drinking just to get some carbs in your stomach ,0,4.6706338e-29,1.647979e-06
960,insults profound deuchebaggery and had to go outside for a smoke break while serving just to solidify it ,0,3.4463538e-29,4.973339e-06
961,if someone orders two tacos don't' you think it may be part of customer service to ask if it is combo or ala cart?,0,1.8181928e-23,4.4579406e-06
962,she was quite disappointed although some blame needs to be placed at her door ,0,6.0857957e-31,6.4906526e-06
963,after all the rave reviews i couldn't wait to eat here   what a disappointment!,0,5.927632e-23,1.7750594e-05
964,del taco is pretty nasty and should be avoided if possible ,0,1.8120618e-34,2.1856144e-05
965,it's not hard to make a decent hamburger ,0,9.281667e-18,0.00020974874
966,but i don't like it ,0,4.4023047e-15,0.0044824183
967,hell no will i go back,0,4.525782e-19,9.050674e-05
968,we've have gotten a much better service from the pizza place next door than the services we received from this restaurant ,0,3.6312231e-31,0.000100177436
969,i don't know what the big deal is about this place but i won't be back ya'all ,0,3.1537292e-24,5.956538e-06
970,i immediately said i wanted to talk to the manager but i did not want to talk to the guy who was doing shots of fireball behind the bar ,0,6.788117e-36,4.065215e-06
971,the ambiance isn't much better ,0,1.4974211e-14,0.0031570792
972,unfortunately it only set us up for disapppointment with our entrees ,0,2.9676963e-26,1.0055854e-05
973,the food wasn't good ,0,2.529103e-14,0.20343101
974,your servers suck wait correction our server heimer sucked ,0,6.318418e-28,1.7413449e-06
975,what happened next was pretty  off putting ,0,9.182788e-23,2.475747e-05
976,too bad cause i know it's family owned i really wanted to like this place ,0,1.4555912e-30,2.3708923e-05
977,overpriced for what you are getting ,0,3.3310612e-19,0.0006632507
978,i vomited in the bathroom mid lunch ,0,1.3030151e-19,3.373016e-05
979,i kept looking at the time and it had soon become 35 minutes yet still no food ,0,6.8592013e-37,3.3316198e-06
980,i have been to very few places to eat that under no circumstances would i ever return to and this tops the list ,0,1.5091496e-35,4.4363237e-06
981,we started with the tuna sashimi which was brownish in color and obviously wasn't fresh ,0,3.2656047e-38,4.0848404e-06
982,food was below average ,0,6.6466e-20,0.00037792325
983,it sure does beat the nachos at the movies but i would expect a little bit more coming from a restaurant ,0,2.1614056e-32,0.00018319488
984,all in all ha long bay was a bit of a flop ,0,9.426253e-25,9.288648e-06
985,the problem i have is that they charge $11 99 for a sandwich that is no bigger than a subway sub which offers better and more amount of vegetables ,0,1.3942221e-30,9.303692e-06
986,shrimp when i unwrapped it i live only 1/2 a mile from brushfire it was literally ice cold ,0,4.607178e-36,2.4393348e-06
987,it lacked flavor seemed undercooked and dry ,0,1.7312203e-26,4.298553e-06
988,it really is impressive that the place hasn't closed down ,0,9.0724125e-06,0.8140706
989,i would avoid this place if you are staying in the mirage ,0,6.2395694e-20,1.987371e-05
990,the refried beans that came with my meal were dried out and crusty and the food was bland ,0,4.8596998e-11,0.81320995
991,spend your money and time some place else ,0,2.8483122e-22,1.8152015e-05
992,a lady at the table next to us found a live green caterpillar in her salad ,0,8.5514345e-38,2.5177783e-06
993,the presentation of the food was awful ,0,1.30698204e-20,6.448737e-05
994,i can't tell you how disappointed i was ,0,3.240824e-14,0.022400677
995,i think food should have flavor and texture and both were lacking ,0,3.040413e-20,5.1881438e-05
996,appetite instantly gone ,0,2.3429524e-19,0.0003670454
997,overall i was not impressed and would not go back ,0,4.2482374e-35,5.0143726e-06
998,the whole experience was underwhelming and i think we'll just go to ninja sushi next time ,0,1.8741747e-26,1.650698e-05
999,then as if i hadn't wasted enough of my life there they poured salt in the wound by drawing out the time it took to bring the check ,0,3.941245e-18,0.0004041791
